{
  "name": "web_20250811_193344",
  "created": "2025-08-11T19:33:44.317202",
  "num_keyframes": 4,
  "keyframes": [
    {
      "index": 0,
      "pose": [
        0.01687378866674205,
        -1.7840196563110007,
        1.2624661884298827,
        1.0722525707320631,
        -0.006135923151542565,
        -0.0030679615757712823
      ],
      "timestamp": 1754966016.6229546
    },
    {
      "index": 1,
      "pose": [
        -0.056757289151768725,
        -0.6872233929727672,
        0.8666991451553873,
        0.5599029875782591,
        0.009203884727313847,
        -0.018407769454627694
      ],
      "timestamp": 1754966018.677389
    },
    {
      "index": 2,
      "pose": [
        -0.019941750242513337,
        -0.44638840927472156,
        0.5200194870932323,
        0.5414952181236313,
        0.007669903939428206,
        -0.01687378866674205
      ],
      "timestamp": 1754966021.2826157
    },
    {
      "index": 3,
      "pose": [
        -0.0337475773334841,
        -1.9711653124330488,
        1.6781749819468914,
        1.102932186489776,
        -0.007669903939428206,
        -0.01687378866674205
      ],
      "timestamp": 1754966023.6835423
    }
  ]
}