{
  "name": "web_20250811_035352",
  "created": "2025-08-11T03:53:52.088280",
  "num_keyframes": 2,
  "keyframes": [
    {
      "index": 0,
      "pose": [
        0.007669903939428206,
        -0.6381360077604268,
        0.2638446955163303,
        0.8697671067311585,
        0.0,
        0.0
      ],
      "timestamp": 1754909628.6482651
    },
    {
      "index": 1,
      "pose": [
        0.0,
        0.0,
        0.0,
        0.0,
        0.0,
        0.0
      ],
      "timestamp": 1754909630.28413
    }
  ]
}