{
  "transformation_matrix": [
    [
      0.9677140148355208,
      0.25128951085001894,
      0.019574657792047354,
      2381.6769225764583
    ],
    [
      0.1991675758180063,
      -0.7147708709935408,
      -0.6703990443921545,
      4848.715358060923
    ],
    [
      -0.15447285274020245,
      0.6526531879305374,
      -0.7417425119611323,
      6339.787807121858
    ],
    [
      0.0,
      0.0,
      0.0,
      1.0
    ]
  ],
  "rotation_matrix": [
    [
      0.9677140148355208,
      0.25128951085001894,
      0.019574657792047354
    ],
    [
      0.1991675758180063,
      -0.7147708709935408,
      -0.6703990443921545
    ],
    [
      -0.15447285274020245,
      0.6526531879305374,
      -0.7417425119611323
    ]
  ],
  "translation_vector": [
    2381.6769225764583,
    4848.715358060923,
    6339.787807121858
  ],
  "timestamp": "2025-08-11T19:44:58.962927",
  "num_calibration_poses": 11,
  "checkerboard_size": [
    9,
    6
  ],
  "square_size_mm": 25.0,
  "calibration_positions": {
    "position_1": [
      0.29932997792154814,
      2.797633944230566,
      -0.9774449293504185,
      -2.3869469112671773,
      0.29076257149367324,
      0.09374779138696332
    ],
    "position_2": [
      0.05229876071619687,
      2.8053057211624095,
      -0.9866510616686303,
      -2.388481266653546,
      0.2800220837890927,
      0.09374779138696332
    ],
    "position_3": [
      -0.23922876269384497,
      2.8053057211624095,
      -0.9897197724413676,
      -2.388481266653546,
      0.2846251499481986,
      0.09374779138696332
    ],
    "position_4": [
      -0.2561066719439,
      2.8053057211624095,
      -0.9851167062822617,
      -2.388481266653546,
      0.2922969268800419,
      0.9884026400551442
    ],
    "position_5": [
      -0.49546611221740805,
      2.8068400765487778,
      -0.9912541278277363,
      -2.3869469112671773,
      0.27848772840272407,
      0.9884026400551442
    ],
    "position_6": [
      -0.49546611221740805,
      2.8068400765487778,
      -0.9927884832141048,
      -2.388481266653546,
      0.28309079456183,
      0.12731181546377737
    ],
    "position_7": [
      -0.15790792721630698,
      2.8068400765487778,
      -0.988185417054999,
      -2.388481266653546,
      0.2800220837890927,
      0.12615443532319756
    ],
    "position_8": [
      -0.16097663798904427,
      2.7868934565259855,
      -0.615337058167419,
      -2.3976873989717573,
      0.29076257149367324,
      0.12615443532319756
    ],
    "position_9": [
      -0.14256437335262057,
      2.9495351274810613,
      -1.488385273011176,
      -2.3869469112671773,
      0.28615950533456724,
      0.12615443532319756
    ],
    "position_10": [
      -0.5507029061266792,
      2.9495351274810613,
      -1.4899196283975447,
      -2.3869469112671773,
      0.28155643917546136,
      0.12962657574493694
    ],
    "position_11": [
      0.11674168694367981,
      2.9495351274810613,
      -1.488385273011176,
      -2.3854125558808086,
      0.29076257149367324,
      0.12731181546377737
    ]
  },
  "camera_type": "RealSense"
}