{
  "calibration_type": "eye-to-hand (stationary camera)",
  "camera_to_base_matrix": [
    [
      1.0,
      0.0,
      0.0,
      0.0
    ],
    [
      0.0,
      1.0,
      0.0,
      0.0
    ],
    [
      0.0,
      0.0,
      1.0,
      0.0
    ],
    [
      0.0,
      0.0,
      0.0,
      1.0
    ]
  ],
  "base_to_camera_matrix": [
    [
      1.0,
      0.0,
      0.0,
      0.0
    ],
    [
      0.0,
      1.0,
      0.0,
      0.0
    ],
    [
      0.0,
      0.0,
      1.0,
      0.0
    ],
    [
      0.0,
      0.0,
      0.0,
      1.0
    ]
  ],
  "rotation_matrix_cam2base": [
    [
      1.0,
      0.0,
      0.0
    ],
    [
      0.0,
      1.0,
      0.0
    ],
    [
      0.0,
      0.0,
      1.0
    ]
  ],
  "translation_vector_cam2base": [
    0.0,
    0.0,
    0.0
  ],
  "timestamp": "2025-08-09T03:07:59.526941",
  "num_calibration_poses": 7,
  "checkerboard_size": [
    9,
    6
  ],
  "square_size_mm": 25.0,
  "calibration_positions": {
    "position_1": [
      -0.01291134320447038,
      0.21838253974487998,
      0.1472375688577956,
      0.4178547350146995,
      -0.07057812199614182,
      0.4363323129985824
    ],
    "position_2": [
      0.5133725543199735,
      0.2045733412675621,
      0.1472375688577956,
      0.4178547350146995,
      -0.07057812199614182,
      0.4363323129985824
    ],
    "position_3": [
      -0.296767089682669,
      0.2045733412675621,
      0.1472375688577956,
      0.4178547350146995,
      -0.07057812199614182,
      0.4363323129985824
    ],
    "position_4": [
      -0.2936983789099318,
      1.2111104747253907,
      -0.3053972701209535,
      0.40251118115101314,
      -0.07364683276887911,
      0.8726646259971648
    ],
    "position_5": [
      0.13438677388691922,
      0.9763541006109887,
      -0.37444326250754223,
      0.4163203796283308,
      -0.07211247738251048,
      0.4363323129985824
    ],
    "position_6": [
      -0.562210571524444,
      1.108308663838692,
      -0.8700400523046136,
      0.4163203796283308,
      -0.07211247738251048,
      0.4363323129985824
    ],
    "position_7": [
      -0.05894200479552962,
      0.9180485959289804,
      -0.36677148557569916,
      0.4163203796283308,
      -0.07211247738251048,
      0.4363323129985824
    ]
  },
  "camera_type": "RealSense (Stationary)"
}