{
  "transformation_matrix": [
    [
      1.0,
      0.0,
      0.0,
      0.0
    ],
    [
      0.0,
      1.0,
      0.0,
      0.0
    ],
    [
      0.0,
      0.0,
      1.0,
      0.0
    ],
    [
      0.0,
      0.0,
      0.0,
      1.0
    ]
  ],
  "rotation_matrix": [
    [
      1.0,
      0.0,
      0.0
    ],
    [
      0.0,
      1.0,
      0.0
    ],
    [
      0.0,
      0.0,
      1.0
    ]
  ],
  "translation_vector": [
    0.0,
    0.0,
    0.0
  ],
  "timestamp": "2025-08-09T01:50:26.806532",
  "num_calibration_poses": 12,
  "checkerboard_size": [
    9,
    6
  ],
  "square_size_mm": 25.0,
  "calibration_positions": {
    "position_1": [
      0.165073881614292,
      -0.010236412824047747,
      0.13803143653958383,
      0.6004430259925677,
      -0.07978425431435367,
      0.4363323129985824
    ],
    "position_2": [
      0.04846287225027527,
      1.6008367428630257,
      -0.6935891828722198,
      0.5866338275152501,
      -0.07518118815524774,
      0.5817764173314431
    ],
    "position_3": [
      0.6560676052522573,
      1.6161802967267123,
      -0.6951235382585885,
      0.5850994721288814,
      -0.07671554354161639,
      0.7272205216643041
    ],
    "position_4": [
      -0.399568900569368,
      1.6131115859539749,
      -0.6951235382585885,
      0.5850994721288814,
      -0.07671554354161639,
      0.7272205216643041
    ],
    "position_5": [
      -0.09576653406837701,
      1.531790750476437,
      -0.8608339199864017,
      0.598908670606199,
      -0.07518118815524774,
      0.5817764173314431
    ],
    "position_6": [
      0.3998302557286942,
      1.5455999489537546,
      -0.842421655349978,
      0.598908670606199,
      -0.07518118815524774,
      0.5817764173314431
    ],
    "position_7": [
      0.5164412650927108,
      0.4316579384501211,
      -0.020007168256386265,
      0.5820307613561442,
      -0.07057812199614182,
      0.5817764173314431
    ],
    "position_8": [
      0.8386558962301255,
      0.740063371110218,
      -0.0813813837111319,
      0.543671876696928,
      -0.07671554354161639,
      1.0181087303300256
    ],
    "position_9": [
      0.17274565854613524,
      0.18616107663113834,
      0.13803143653958383,
      0.5590154305606145,
      -0.07211247738251048,
      0.5817764173314431
    ],
    "position_10": [
      -0.38269099131931295,
      -0.017908189755890813,
      0.13803143653958383,
      0.5590154305606145,
      -0.07671554354161639,
      0.5817764173314431
    ],
    "position_11": [
      0.7205105314797402,
      -0.017908189755890813,
      0.13803143653958383,
      0.5590154305606145,
      -0.07364683276887911,
      0.5817764173314431
    ],
    "position_12": [
      0.1942266339552962,
      0.7661474126784849,
      -0.4358174779622881,
      0.5590154305606145,
      -0.07211247738251048,
      0.5817764173314431
    ]
  },
  "camera_type": "RealSense"
}