{
  "calibration_type": "eye-to-hand (stationary camera)",
  "camera_to_base_matrix": [
    [
      1.0,
      0.0,
      0.0,
      0.0
    ],
    [
      0.0,
      1.0,
      0.0,
      0.0
    ],
    [
      0.0,
      0.0,
      1.0,
      0.0
    ],
    [
      0.0,
      0.0,
      0.0,
      1.0
    ]
  ],
  "base_to_camera_matrix": [
    [
      1.0,
      0.0,
      0.0,
      0.0
    ],
    [
      0.0,
      1.0,
      0.0,
      0.0
    ],
    [
      0.0,
      0.0,
      1.0,
      0.0
    ],
    [
      0.0,
      0.0,
      0.0,
      1.0
    ]
  ],
  "rotation_matrix_cam2base": [
    [
      1.0,
      0.0,
      0.0
    ],
    [
      0.0,
      1.0,
      0.0
    ],
    [
      0.0,
      0.0,
      1.0
    ]
  ],
  "translation_vector_cam2base": [
    0.0,
    0.0,
    0.0
  ],
  "timestamp": "2025-08-09T18:19:11.218679",
  "num_calibration_poses": 9,
  "checkerboard_size": [
    9,
    6
  ],
  "square_size_mm": 25.0,
  "calibration_positions": {
    "position_1": [
      -0.1540720387503854,
      -0.027114322074102803,
      -0.3146034024391653,
      0.6280614229472035,
      -0.07211247738251048,
      0.29088820866572157
    ],
    "position_2": [
      -0.6174473654337151,
      1.227988383975446,
      -1.3226748912833628,
      0.6280614229472035,
      -0.07211247738251048,
      0.29088820866572157
    ],
    "position_3": [
      -0.3243854866373046,
      0.7554069249739044,
      -0.9820479955095244,
      0.6280614229472035,
      -0.07211247738251048,
      0.29088820866572157
    ],
    "position_4": [
      0.02084447529563973,
      0.7385290157238493,
      -0.962101375486732,
      0.6280614229472035,
      -0.07211247738251048,
      0.29088820866572157
    ],
    "position_5": [
      0.15433339390971154,
      0.7354603049511121,
      -0.962101375486732,
      0.6280614229472035,
      -0.07211247738251048,
      0.29088820866572157
    ],
    "position_6": [
      -0.11417879870480072,
      0.4485358477001762,
      -0.5999935043037327,
      0.6280614229472035,
      -0.07211247738251048,
      0.29088820866572157
    ],
    "position_7": [
      -0.2614769157961903,
      0.9748197452246201,
      -1.4162705698518498,
      0.6280614229472035,
      -0.07211247738251048,
      0.29088820866572157
    ],
    "position_8": [
      0.05153158302301256,
      0.9594761913609337,
      -1.206063881919346,
      0.6280614229472035,
      -0.07211247738251048,
      0.29088820866572157
    ],
    "position_9": [
      0.19115792318255892,
      0.9594761913609337,
      -1.206063881919346,
      0.6280614229472035,
      -0.07211247738251048,
      0.29088820866572157
    ]
  },
  "camera_type": "RealSense (Stationary)"
}