{"vertices": [[-0.03010488063458816, -0.07142229212551982, 0.3470363677740097], [-0.030645311825042737, -0.07758022645269401, 0.3804697014279664], [-0.029761006090682898, -0.06750401915341288, 0.34776361525058747], [-0.030301437281137475, -0.07366195348058707, 0.3811969489045441], [-0.026120196405691062, -0.0717719950500098, 0.3470363677740097], [-0.02666062759614564, -0.07792992937718397, 0.3804697014279664], [-0.0257763218617858, -0.06785372207790286, 0.34776361525058747], [-0.026316753052240377, -0.07401165640507705, 0.3811969489045441], [0.054933829907220746, -0.07888543953270048, 0.3470363677740097], [0.05439339871676617, -0.08504337385987466, 0.3804697014279664], [0.05527770445112601, -0.07496716656059355, 0.34776361525058747], [0.05473727326067143, -0.08112510088776774, 0.3811969489045441], [0.058918514136117844, -0.07923514245719045, 0.3470363677740097], [0.05837808294566327, -0.08539307678436464, 0.3804697014279664], [0.059262388680023106, -0.07531686948508352, 0.34776361525058747], [0.05872195748956853, -0.0814748038122577, 0.3811969489045441], [-0.026120196405691062, -0.0717719950500098, 0.3470363677740097], [-0.026183776546162517, -0.07249645791679293, 0.3509697011709213], [-0.0257763218617858, -0.06785372207790286, 0.34776361525058747], [-0.025839902002257255, -0.068578184944686, 0.35169694864749906], [0.054933829907220746, -0.07888543953270048, 0.3470363677740097], [0.05487024976674929, -0.07960990239948362, 0.3509697011709213], [0.05527770445112601, -0.07496716656059355, 0.34776361525058747], [0.055214124310654554, -0.07569162942737669, 0.35169694864749906], [0.013050276041030883, -0.06790923716127872, 0.3077030338048935], [0.0124144746363163, -0.07515386582911014, 0.3470363677740097], [0.013394150584936142, -0.06399096418917179, 0.30843028128147126], [0.012758349180221559, -0.0712355928570032, 0.34776361525058747], [0.017034960269927978, -0.0682589400857687, 0.3077030338048935], [0.016399158865213394, -0.07550356875360012, 0.3470363677740097], [0.017378834813833236, -0.06434066711366176, 0.30843028128147126], [0.016743033409118653, -0.07158529578149318, 0.34776361525058747]], "faces": [[4, 7, 5], [4, 6, 7], [0, 2, 4], [2, 6, 4], [0, 1, 2], [1, 3, 2], [1, 5, 7], [1, 7, 3], [2, 3, 7], [2, 7, 6], [0, 4, 1], [1, 4, 5], [12, 15, 13], [12, 14, 15], [8, 10, 12], [10, 14, 12], [8, 9, 10], [9, 11, 10], [9, 13, 15], [9, 15, 11], [10, 11, 15], [10, 15, 14], [8, 12, 9], [9, 12, 13], [20, 23, 21], [20, 22, 23], [16, 18, 20], [18, 22, 20], [16, 17, 18], [17, 19, 18], [17, 21, 23], [17, 23, 19], [18, 19, 23], [18, 23, 22], [16, 20, 17], [17, 20, 21], [28, 31, 29], [28, 30, 31], [24, 26, 28], [26, 30, 28], [24, 25, 26], [25, 27, 26], [25, 29, 31], [25, 31, 27], [26, 27, 31], [26, 31, 30], [24, 28, 25], [25, 28, 29]], "vertex_count": 32, "face_count": 48}