{
  "action_index": 0,
  "full_action": [
    0.13449567556381226,
    0.08136557042598724,
    0.019999999552965164,
    0.009999999776482582,
    -0.01589503511786461,
    0.9961710572242737,
    0.08596863597631454,
    -0.18111571669578552,
    -0.08742573112249374,
    0.9795682430267334,
    0.9833333492279053,
    0.0,
    0.1818118691444397,
    0.014197273179888725,
    -0.07771635800600052,
    0.3709999918937683,
    -1.0
  ],
  "position_xyz": [
    0.014197273179888725,
    -0.07771635800600052,
    0.3709999918937683
  ],
  "rotation_matrix": [
    [
      -0.01589503511786461,
      0.9961710572242737,
      0.08596863597631454
    ],
    [
      -0.18111571669578552,
      -0.08742573112249374,
      0.9795682430267334
    ],
    [
      0.9833333492279053,
      0.0,
      0.1818118691444397
    ]
  ],
  "depth": 0.009999999776482582
}