{
  "transformation_matrix": [
    [
      0.8925322020280522,
      -0.44429989658186436,
      0.07735547970441913,
      9.046158155076407
    ],
    [
      0.38581653383748676,
      0.6634283018257985,
      -0.6410994388970908,
      39.43143767284531
    ],
    [
      0.23352059986344592,
      0.6020469169706641,
      0.76354936919988,
      -159.49123331216174
    ],
    [
      0.0,
      0.0,
      0.0,
      1.0
    ]
  ],
  "rotation_matrix": [
    [
      0.8925322020280522,
      -0.44429989658186436,
      0.07735547970441913
    ],
    [
      0.38581653383748676,
      0.6634283018257985,
      -0.6410994388970908
    ],
    [
      0.23352059986344592,
      0.6020469169706641,
      0.76354936919988
    ]
  ],
  "translation_vector": [
    9.046158155076407,
    39.43143767284531,
    -159.49123331216174
  ],
  "timestamp": "2025-08-10T17:18:10.609685",
  "num_calibration_poses": 15,
  "checkerboard_size": [
    9,
    6
  ],
  "square_size_mm": 25.0,
  "calibration_positions": {
    "position_1": [
      0.13745548465965648,
      1.235660160907289,
      -1.5535953769318434,
      0.8758598178457389,
      0.08285741664072231,
      0.015476998823960631
    ],
    "position_2": [
      -0.20317141111418188,
      1.056140580702158,
      -1.3740757967267123,
      0.8773941732321076,
      -0.32067804997423033,
      0.015476998823960631
    ],
    "position_3": [
      0.17428001393250386,
      -0.005633346664941863,
      -0.6759440959289804,
      0.8758598178457389,
      0.6398284218925391,
      0.015476998823960631
    ],
    "position_4": [
      0.17274565854613524,
      0.9809571667700947,
      -1.4062972598404537,
      0.8743254624593702,
      0.6290879341879586,
      0.015476998823960631
    ],
    "position_5": [
      0.20650147704624536,
      1.2510037147709756,
      -1.5628015092500551,
      0.8758598178457389,
      0.62755357880159,
      0.015476998823960631
    ],
    "position_6": [
      0.10983708770502096,
      0.1662144566083461,
      -0.7495931544746752,
      0.8758598178457389,
      0.6382940665061705,
      0.015476998823960631
    ],
    "position_7": [
      -0.0021708554998898857,
      0.9778884559973574,
      -1.490686806090729,
      0.9617837194823826,
      -0.004600840382290245,
      0.015476998823960631
    ],
    "position_8": [
      0.13745548465965648,
      0.9640792575200395,
      -1.4323813014087206,
      0.9418370994595904,
      0.6674468188471746,
      0.015476998823960631
    ],
    "position_9": [
      0.14819597236423696,
      0.45774198001838795,
      -0.9705403301117597,
      0.7807297838908831,
      0.6674468188471746,
      0.015476998823960631
    ],
    "position_10": [
      0.14819597236423696,
      0.0066414964260073095,
      -0.5286459788375908,
      0.6840653945496586,
      0.665912463460806,
      0.015476998823960631
    ],
    "position_11": [
      0.07761562459127946,
      -0.0025646358922044588,
      -0.39055399406441293,
      0.5321642112991631,
      0.47411804016472586,
      0.015476998823960631
    ],
    "position_12": [
      -0.12798799718211848,
      1.1788890116116495,
      -1.306564159726492,
      0.7485083207771415,
      -0.5400908702249461,
      0.015476998823960631
    ],
    "position_13": [
      0.008569632204690598,
      0.979422811383726,
      -1.2743426966127505,
      0.7408365438452984,
      0.2746518399368025,
      0.015476998823960631
    ],
    "position_14": [
      0.013172698363796531,
      0.45927633540475665,
      -0.8861507838614843,
      0.746973965390773,
      0.2746518399368025,
      0.015476998823960631
    ],
    "position_15": [
      0.02391318606837701,
      -0.0025646358922044588,
      -0.20489699231380754,
      0.3986752926850914,
      -0.05063150197334949,
      0.015476998823960631
    ]
  },
  "camera_type": "RealSense"
}