{
  "transformation_matrix": [
    [
      1.0,
      0.0,
      0.0,
      0.0
    ],
    [
      0.0,
      1.0,
      0.0,
      0.0
    ],
    [
      0.0,
      0.0,
      1.0,
      0.0
    ],
    [
      0.0,
      0.0,
      0.0,
      1.0
    ]
  ],
  "rotation_matrix": [
    [
      1.0,
      0.0,
      0.0
    ],
    [
      0.0,
      1.0,
      0.0
    ],
    [
      0.0,
      0.0,
      1.0
    ]
  ],
  "translation_vector": [
    0.0,
    0.0,
    0.0
  ],
  "timestamp": "2025-08-09T02:53:54.392853",
  "num_calibration_poses": 10,
  "checkerboard_size": [
    9,
    6
  ],
  "square_size_mm": 25.0,
  "calibration_positions": {
    "position_1": [
      0.20957018781898262,
      -0.019442545142259515,
      0.1457032134714269,
      0.5083817028104494,
      -0.07518118815524774,
      0.4363323129985824
    ],
    "position_2": [
      -0.18322479109138956,
      -0.019442545142259515,
      0.1457032134714269,
      0.5083817028104494,
      -0.07518118815524774,
      0.4363323129985824
    ],
    "position_3": [
      -0.2814235358189826,
      0.49916957545034135,
      -0.5033291149625083,
      0.5083817028104494,
      -0.07211247738251048,
      0.4363323129985824
    ],
    "position_4": [
      -0.622050431592821,
      0.6019713863370402,
      -0.5202070242125634,
      0.5083817028104494,
      -0.07211247738251048,
      0.4363323129985824
    ],
    "position_5": [
      -0.3965001897966307,
      -0.0240456113013654,
      -0.09058751602934367,
      0.5083817028104494,
      -0.07211247738251048,
      0.4363323129985824
    ],
    "position_6": [
      0.12057757540960143,
      -0.0240456113013654,
      0.14416885808505842,
      0.5099160581968178,
      -0.07518118815524774,
      0.4363323129985824
    ],
    "position_7": [
      0.3062345771602071,
      -0.02251125591499692,
      0.14416885808505842,
      0.5099160581968178,
      -0.07364683276887911,
      0.4363323129985824
    ],
    "position_8": [
      0.387555412637745,
      -0.020976900528628217,
      0.14416885808505842,
      -0.2633990565329773,
      -0.07211247738251048,
      0.4363323129985824
    ],
    "position_9": [
      -0.5882946130927109,
      -0.02251125591499692,
      0.14416885808505842,
      -0.2633990565329773,
      -0.07211247738251048,
      0.4363323129985824
    ],
    "position_10": [
      -0.30443886661451225,
      0.1278555719491301,
      0.1472375688577956,
      0.16928916242297953,
      -0.07211247738251048,
      0.4363323129985824
    ]
  },
  "camera_type": "RealSense"
}